Job Title,Address,Job Link
"Senior Manager, Customer Success","New York, NY
Actively Hiring
1 day ago",https://www.linkedin.com/jobs/view/senior-manager-customer-success-at-workday-3947974568?position=1&pageNum=0&refId=SgHUQn%2FExWs2bP%2BcGJTz1A%3D%3D&trackingId=ccXky8Et3am0Fs45Vrt%2FKg%3D%3D&trk=public_jobs_jserp-result_search-card
"Sr. Manager, Enterprise Solution Delivery","Atlanta, GA
Be an early applicant
14 hours ago",https://www.linkedin.com/jobs/view/sr-manager-enterprise-solution-delivery-at-workday-3947727037?position=2&pageNum=0&refId=SgHUQn%2FExWs2bP%2BcGJTz1A%3D%3D&trackingId=Fqi%2FrlH9XCIkv61hsFZ%2Beg%3D%3D&trk=public_jobs_jserp-result_search-card
Program Manager - Business Operations & Strategic Initiatives,"Pleasanton, CA
Actively Hiring
2 weeks ago",https://www.linkedin.com/jobs/view/program-manager-business-operations-strategic-initiatives-at-workday-3934213112?position=3&pageNum=0&refId=SgHUQn%2FExWs2bP%2BcGJTz1A%3D%3D&trackingId=xcRMFcxVs1slJpK8Q64Grg%3D%3D&trk=public_jobs_jserp-result_search-card
"Principal, Talent Management Consultant","Pleasanton, CA
Be an early applicant
14 hours ago",https://www.linkedin.com/jobs/view/principal-talent-management-consultant-at-workday-3947727045?position=4&pageNum=0&refId=SgHUQn%2FExWs2bP%2BcGJTz1A%3D%3D&trackingId=oDHfmFFhJXXty53Azl%2BJAA%3D%3D&trk=public_jobs_jserp-result_search-card
Account Executive,"Denver, CO
Actively Hiring
5 days ago",https://www.linkedin.com/jobs/view/account-executive-at-workday-3926989359?position=5&pageNum=0&refId=SgHUQn%2FExWs2bP%2BcGJTz1A%3D%3D&trackingId=PpM1JIGkYOS1k1osb%2BO60A%3D%3D&trk=public_jobs_jserp-result_search-card
Senior Customer Success Manager,"Austin, TX
Actively Hiring
1 week ago",https://www.linkedin.com/jobs/view/senior-customer-success-manager-at-workday-3939797196?position=6&pageNum=0&refId=SgHUQn%2FExWs2bP%2BcGJTz1A%3D%3D&trackingId=80ZRdi3sMtBY2%2BJpqJtHKA%3D%3D&trk=public_jobs_jserp-result_search-card
Senior Customer Success Manager,"Frisco, TX
Actively Hiring
1 week ago",https://www.linkedin.com/jobs/view/senior-customer-success-manager-at-workday-3939794746?position=7&pageNum=0&refId=SgHUQn%2FExWs2bP%2BcGJTz1A%3D%3D&trackingId=X0rPEONTMbz7crr%2BGeKfvQ%3D%3D&trk=public_jobs_jserp-result_search-card
Account Executive,"Nevada, United States
Actively Hiring
5 days ago",https://www.linkedin.com/jobs/view/account-executive-at-workday-3926983846?position=8&pageNum=0&refId=SgHUQn%2FExWs2bP%2BcGJTz1A%3D%3D&trackingId=9XyyBDCYYsNqoYXAr1tXUg%3D%3D&trk=public_jobs_jserp-result_search-card
Business Systems Analyst,"Atlanta, GA
Actively Hiring
2 days ago",https://www.linkedin.com/jobs/view/business-systems-analyst-at-workday-3947481310?position=9&pageNum=0&refId=SgHUQn%2FExWs2bP%2BcGJTz1A%3D%3D&trackingId=nJ5DgJ6rCJNtslOeZ39E9g%3D%3D&trk=public_jobs_jserp-result_search-card
Workday Managing Partner,"New York, NY
Be an early applicant
20 hours ago",https://www.linkedin.com/jobs/view/workday-managing-partner-at-workday-3948651921?position=10&pageNum=0&refId=SgHUQn%2FExWs2bP%2BcGJTz1A%3D%3D&trackingId=%2FbJ%2Bafch39XklxrjK%2BAQ9Q%3D%3D&trk=public_jobs_jserp-result_search-card
Business Systems Analyst,"Chicago, IL
Actively Hiring
2 days ago",https://www.linkedin.com/jobs/view/business-systems-analyst-at-workday-3947479465?position=11&pageNum=0&refId=SgHUQn%2FExWs2bP%2BcGJTz1A%3D%3D&trackingId=B3ZmB4EqY7SjrO3OymHh3A%3D%3D&trk=public_jobs_jserp-result_search-card
"Principal, Talent Management Consultant","Atlanta, GA
Be an early applicant
14 hours ago",https://www.linkedin.com/jobs/view/principal-talent-management-consultant-at-workday-3947723613?position=12&pageNum=0&refId=SgHUQn%2FExWs2bP%2BcGJTz1A%3D%3D&trackingId=ohuhBQ%2FeGjvjj311LlFERg%3D%3D&trk=public_jobs_jserp-result_search-card
Senior Project Manager & Scrum Master (Digital Employee Experience),"Pleasanton, CA
Actively Hiring
2 days ago",https://www.linkedin.com/jobs/view/senior-project-manager-scrum-master-digital-employee-experience-at-workday-3947422730?position=13&pageNum=0&refId=SgHUQn%2FExWs2bP%2BcGJTz1A%3D%3D&trackingId=J08jHjVEJExI%2BCjsCxHWtA%3D%3D&trk=public_jobs_jserp-result_search-card
"Sr. Manager, Enterprise Solution Delivery","Boulder, CO
Be an early applicant
14 hours ago",https://www.linkedin.com/jobs/view/sr-manager-enterprise-solution-delivery-at-workday-3947723612?position=14&pageNum=0&refId=SgHUQn%2FExWs2bP%2BcGJTz1A%3D%3D&trackingId=lJJFfKjxRKq%2Bg61un0nJ6w%3D%3D&trk=public_jobs_jserp-result_search-card
"Director, Talent Acquisition Workforce Strategy & Planning","Pleasanton, CA
Actively Hiring
2 weeks ago",https://www.linkedin.com/jobs/view/director-talent-acquisition-workforce-strategy-planning-at-workday-3920524907?position=15&pageNum=0&refId=SgHUQn%2FExWs2bP%2BcGJTz1A%3D%3D&trackingId=QxLLnbo5bTAcezd0fJNsZA%3D%3D&trk=public_jobs_jserp-result_search-card
Workday Managing Partner,"Austin, TX
Be an early applicant
20 hours ago",https://www.linkedin.com/jobs/view/workday-managing-partner-at-workday-3948653613?position=16&pageNum=0&refId=SgHUQn%2FExWs2bP%2BcGJTz1A%3D%3D&trackingId=5JotwFuPIyBRv5u4yUSuaw%3D%3D&trk=public_jobs_jserp-result_search-card
"Principal, Talent Management Consultant","Frisco, TX
Be an early applicant
14 hours ago",https://www.linkedin.com/jobs/view/principal-talent-management-consultant-at-workday-3947723610?position=17&pageNum=0&refId=SgHUQn%2FExWs2bP%2BcGJTz1A%3D%3D&trackingId=d%2BOH8vxVyZDo%2F%2FSsBtabfg%3D%3D&trk=public_jobs_jserp-result_search-card
Sr. Channel Manager,"Texas, United States
Actively Hiring
3 weeks ago",https://www.linkedin.com/jobs/view/sr-channel-manager-at-workday-3881838205?position=18&pageNum=0&refId=SgHUQn%2FExWs2bP%2BcGJTz1A%3D%3D&trackingId=nuUldo2%2BM7P5RaU8lQ%2BOqQ%3D%3D&trk=public_jobs_jserp-result_search-card
Sr Partner Manager,"Pleasanton, CA
Actively Hiring
2 days ago",https://www.linkedin.com/jobs/view/sr-partner-manager-at-workday-3947419971?position=19&pageNum=0&refId=SgHUQn%2FExWs2bP%2BcGJTz1A%3D%3D&trackingId=l1VZuMiYe5MdHOZo1Y9FCQ%3D%3D&trk=public_jobs_jserp-result_search-card
Financial Analyst,"Pleasanton, CA
Actively Hiring
6 days ago",https://www.linkedin.com/jobs/view/financial-analyst-at-workday-3944836918?position=20&pageNum=0&refId=SgHUQn%2FExWs2bP%2BcGJTz1A%3D%3D&trackingId=8dyYWhTkOLs4kuZ0T9FhAQ%3D%3D&trk=public_jobs_jserp-result_search-card
Workday Managing Partner,"Denver, CO
Be an early applicant
20 hours ago",https://www.linkedin.com/jobs/view/workday-managing-partner-at-workday-3948658131?position=21&pageNum=0&refId=SgHUQn%2FExWs2bP%2BcGJTz1A%3D%3D&trackingId=J7%2FcVGOhlFU4yfVkZGawHg%3D%3D&trk=public_jobs_jserp-result_search-card
"Senior Director, Sales Finance","Pleasanton, CA
Actively Hiring
1 week ago",https://www.linkedin.com/jobs/view/senior-director-sales-finance-at-workday-3939103225?position=22&pageNum=0&refId=SgHUQn%2FExWs2bP%2BcGJTz1A%3D%3D&trackingId=SrXC%2Fzl2JMDl4J5HkzcU3w%3D%3D&trk=public_jobs_jserp-result_search-card
Workday Managing Partner,"San Francisco, CA
Be an early applicant
20 hours ago",https://www.linkedin.com/jobs/view/workday-managing-partner-at-workday-3948658133?position=23&pageNum=0&refId=SgHUQn%2FExWs2bP%2BcGJTz1A%3D%3D&trackingId=%2BEi%2B9B54I%2Ff%2BkxWqYOCabg%3D%3D&trk=public_jobs_jserp-result_search-card
Account Executive,"Irvine, CA
Actively Hiring
5 days ago",https://www.linkedin.com/jobs/view/account-executive-at-workday-3926988381?position=24&pageNum=0&refId=SgHUQn%2FExWs2bP%2BcGJTz1A%3D%3D&trackingId=6FxbAZxcko1CEtzmCRDE6Q%3D%3D&trk=public_jobs_jserp-result_search-card
Workday Managing Partner,"Pleasanton, CA
Be an early applicant
20 hours ago",https://www.linkedin.com/jobs/view/workday-managing-partner-at-workday-3948651930?position=25&pageNum=0&refId=SgHUQn%2FExWs2bP%2BcGJTz1A%3D%3D&trackingId=c3ugIDXhAakydVjZNdKDgA%3D%3D&trk=public_jobs_jserp-result_search-card
Workday Managing Partner,"Irvine, CA
Be an early applicant
20 hours ago",https://www.linkedin.com/jobs/view/workday-managing-partner-at-workday-3948658135?position=26&pageNum=0&refId=SgHUQn%2FExWs2bP%2BcGJTz1A%3D%3D&trackingId=PW44ydPU8OFfo%2BXYKifJuw%3D%3D&trk=public_jobs_jserp-result_search-card
HCM Support Analyst,"Atlanta, GA
Actively Hiring
2 days ago",https://www.linkedin.com/jobs/view/hcm-support-analyst-at-workday-3947420876?position=27&pageNum=0&refId=SgHUQn%2FExWs2bP%2BcGJTz1A%3D%3D&trackingId=Bc05TKvSVeVeZpWyKKIUyg%3D%3D&trk=public_jobs_jserp-result_search-card
"Manager, Technical Account Management","Denver, CO
Actively Hiring
1 day ago",https://www.linkedin.com/jobs/view/manager-technical-account-management-at-workday-3931980120?position=28&pageNum=0&refId=SgHUQn%2FExWs2bP%2BcGJTz1A%3D%3D&trackingId=OO55LBS57gxy4c6H%2FJjymA%3D%3D&trk=public_jobs_jserp-result_search-card
"Sr. Director, HR Accelerator Team","Pleasanton, CA
Actively Hiring
1 day ago",https://www.linkedin.com/jobs/view/sr-director-hr-accelerator-team-at-workday-3948140205?position=29&pageNum=0&refId=SgHUQn%2FExWs2bP%2BcGJTz1A%3D%3D&trackingId=S87wxzev9K2BO5pPi1Qdfw%3D%3D&trk=public_jobs_jserp-result_search-card
"Manager, Partner Strategy and Business Development","San Francisco, CA
Actively Hiring
3 weeks ago",https://www.linkedin.com/jobs/view/manager-partner-strategy-and-business-development-at-workday-3933309746?position=30&pageNum=0&refId=SgHUQn%2FExWs2bP%2BcGJTz1A%3D%3D&trackingId=tm0hJomDzuQtQ91BxyndKw%3D%3D&trk=public_jobs_jserp-result_search-card
Workday Managing Partner,"Beaverton, OR
Be an early applicant
20 hours ago",https://www.linkedin.com/jobs/view/workday-managing-partner-at-workday-3948654453?position=31&pageNum=0&refId=SgHUQn%2FExWs2bP%2BcGJTz1A%3D%3D&trackingId=wDz%2FZdk6N%2BAF71VWJZwFDQ%3D%3D&trk=public_jobs_jserp-result_search-card
"Manager, Partner Strategy and Business Development","Pleasanton, CA
Actively Hiring
3 weeks ago",https://www.linkedin.com/jobs/view/manager-partner-strategy-and-business-development-at-workday-3933313329?position=32&pageNum=0&refId=SgHUQn%2FExWs2bP%2BcGJTz1A%3D%3D&trackingId=PoHqClFKDP%2BdFPhi7ddgzQ%3D%3D&trk=public_jobs_jserp-result_search-card
Corporate Sales Development Representative,"Chicago, IL
Actively Hiring
1 week ago",https://www.linkedin.com/jobs/view/corporate-sales-development-representative-at-workday-3941735333?position=33&pageNum=0&refId=SgHUQn%2FExWs2bP%2BcGJTz1A%3D%3D&trackingId=xQMD5aS4%2BIquiNmViJ9xPw%3D%3D&trk=public_jobs_jserp-result_search-card
Workday Managing Partner,"Frisco, TX
Be an early applicant
20 hours ago",https://www.linkedin.com/jobs/view/workday-managing-partner-at-workday-3948655320?position=34&pageNum=0&refId=SgHUQn%2FExWs2bP%2BcGJTz1A%3D%3D&trackingId=GIWgpUPEX2OVYsJ1ddB%2Ffg%3D%3D&trk=public_jobs_jserp-result_search-card
Project Manager - Enterprise Finance Solutions,"Atlanta, GA
Actively Hiring
1 week ago",https://www.linkedin.com/jobs/view/project-manager-enterprise-finance-solutions-at-workday-3941470577?position=35&pageNum=0&refId=SgHUQn%2FExWs2bP%2BcGJTz1A%3D%3D&trackingId=tA%2BtjlQPxs7DaQGn04ceew%3D%3D&trk=public_jobs_jserp-result_search-card
Workday Managing Partner,"Atlanta, GA
Be an early applicant
20 hours ago",https://www.linkedin.com/jobs/view/workday-managing-partner-at-workday-3948651927?position=36&pageNum=0&refId=SgHUQn%2FExWs2bP%2BcGJTz1A%3D%3D&trackingId=b8hUEyEgSSK98Dglzm3SQQ%3D%3D&trk=public_jobs_jserp-result_search-card
SR Recruiting Consultant - Workday Success Plans,"Hawaii, United States
Be an early applicant
2 days ago",https://www.linkedin.com/jobs/view/sr-recruiting-consultant-workday-success-plans-at-workday-3947419972?position=37&pageNum=0&refId=SgHUQn%2FExWs2bP%2BcGJTz1A%3D%3D&trackingId=uonMMiO4HckcVYIjJPGSqg%3D%3D&trk=public_jobs_jserp-result_search-card
Sr. Partner Strategy and Business Development,"Pleasanton, CA
Actively Hiring
3 weeks ago",https://www.linkedin.com/jobs/view/sr-partner-strategy-and-business-development-at-workday-3856526791?position=38&pageNum=0&refId=SgHUQn%2FExWs2bP%2BcGJTz1A%3D%3D&trackingId=%2Bdl9y9eTLqFlQb9fYtAaDw%3D%3D&trk=public_jobs_jserp-result_search-card
Senior Executive Talent Partner - Product & Technology,"Santa Clara, CA
Actively Hiring
2 weeks ago",https://www.linkedin.com/jobs/view/senior-executive-talent-partner-product-technology-at-workday-3938193239?position=39&pageNum=0&refId=SgHUQn%2FExWs2bP%2BcGJTz1A%3D%3D&trackingId=hSqfdcUP9TCATcdnUM6fPQ%3D%3D&trk=public_jobs_jserp-result_search-card
SR Recruiting Consultant - Workday Success Plans,"North Carolina, United States
Be an early applicant
2 days ago",https://www.linkedin.com/jobs/view/sr-recruiting-consultant-workday-success-plans-at-workday-3947422737?position=40&pageNum=0&refId=SgHUQn%2FExWs2bP%2BcGJTz1A%3D%3D&trackingId=FaTN7JEHvJ%2F5H3YwG6JeWg%3D%3D&trk=public_jobs_jserp-result_search-card
Senior Executive Talent Partner - Product & Technology,"San Francisco, CA
Actively Hiring
2 weeks ago",https://www.linkedin.com/jobs/view/senior-executive-talent-partner-product-technology-at-workday-3938194232?position=41&pageNum=0&refId=SgHUQn%2FExWs2bP%2BcGJTz1A%3D%3D&trackingId=IL1KedXg7R0xgx2AFq9WVw%3D%3D&trk=public_jobs_jserp-result_search-card
Account Executive,"Boulder, CO
Actively Hiring
6 days ago",https://www.linkedin.com/jobs/view/account-executive-at-workday-3926982835?position=42&pageNum=0&refId=SgHUQn%2FExWs2bP%2BcGJTz1A%3D%3D&trackingId=624kYO9v4HYNqyPhB5vLUw%3D%3D&trk=public_jobs_jserp-result_search-card
"Sr. Program Manager, Business Technology","Atlanta, GA
Actively Hiring
1 week ago",https://www.linkedin.com/jobs/view/sr-program-manager-business-technology-at-workday-3942089363?position=43&pageNum=0&refId=SgHUQn%2FExWs2bP%2BcGJTz1A%3D%3D&trackingId=5MmhnmnJRk49KG2KHCZ9Rg%3D%3D&trk=public_jobs_jserp-result_search-card
SR Recruiting Consultant - Workday Success Plans,"California, United States
Be an early applicant
2 days ago",https://www.linkedin.com/jobs/view/sr-recruiting-consultant-workday-success-plans-at-workday-3947423348?position=44&pageNum=0&refId=SgHUQn%2FExWs2bP%2BcGJTz1A%3D%3D&trackingId=ts9gfe%2FtQy5Mo%2BXLum3ssg%3D%3D&trk=public_jobs_jserp-result_search-card
Workday Lead,"United States
Be an early applicant
22 hours ago",https://www.linkedin.com/jobs/view/workday-lead-at-steneral-consulting-3947279706?position=45&pageNum=0&refId=SgHUQn%2FExWs2bP%2BcGJTz1A%3D%3D&trackingId=hfuPtvTfD54WOPF80rPFIQ%3D%3D&trk=public_jobs_jserp-result_search-card
Sr. Workday HCM Analyst,"United States
Actively Hiring +3 benefits
17 hours ago",https://www.linkedin.com/jobs/view/sr-workday-hcm-analyst-at-medasource-3945005614?position=46&pageNum=0&refId=SgHUQn%2FExWs2bP%2BcGJTz1A%3D%3D&trackingId=CHeRNaZU4GiKx2emuk1uHQ%3D%3D&trk=public_jobs_jserp-result_search-card
Workday Lead,"Houston, TX
Actively Hiring
19 hours ago",https://www.linkedin.com/jobs/view/workday-lead-at-inspyr-solutions-3939836034?position=47&pageNum=0&refId=SgHUQn%2FExWs2bP%2BcGJTz1A%3D%3D&trackingId=F1qxXFiHjdY%2B9bQTXoSivA%3D%3D&trk=public_jobs_jserp-result_search-card
Workday Consultant,"United States
Actively Hiring
1 week ago",https://www.linkedin.com/jobs/view/workday-consultant-at-steneral-consulting-3942682891?position=48&pageNum=0&refId=SgHUQn%2FExWs2bP%2BcGJTz1A%3D%3D&trackingId=Ld6kFu2koDTQ8qLNXe%2F9gw%3D%3D&trk=public_jobs_jserp-result_search-card
Workday Consultant,"Richardson, TX
Be an early applicant
1 week ago",https://www.linkedin.com/jobs/view/workday-consultant-at-hatchpros-3942860786?position=49&pageNum=0&refId=SgHUQn%2FExWs2bP%2BcGJTz1A%3D%3D&trackingId=Fua7vk8Eoh6VcXOh8t86zw%3D%3D&trk=public_jobs_jserp-result_search-card
Sr. Workday Manager,"United States
Actively Hiring
15 hours ago",https://www.linkedin.com/jobs/view/sr-workday-manager-at-stellar-consulting-solutions-llc-3943069722?position=50&pageNum=0&refId=SgHUQn%2FExWs2bP%2BcGJTz1A%3D%3D&trackingId=aiIYR0hkGhz7dXlst6mZww%3D%3D&trk=public_jobs_jserp-result_search-card
Workday HCM Implementation Manager,"United States
Actively Hiring
2 days ago",https://www.linkedin.com/jobs/view/workday-hcm-implementation-manager-at-steneral-consulting-3945738176?position=51&pageNum=0&refId=SgHUQn%2FExWs2bP%2BcGJTz1A%3D%3D&trackingId=fIzRClqqtaeaLN3hD0GZGQ%3D%3D&trk=public_jobs_jserp-result_search-card
Senior Workday Analyst,"United States
Actively Hiring
2 days ago",https://www.linkedin.com/jobs/view/senior-workday-analyst-at-wdjobs-3943024844?position=52&pageNum=0&refId=SgHUQn%2FExWs2bP%2BcGJTz1A%3D%3D&trackingId=4hvV0ffMfp7cOIMFAOz0eA%3D%3D&trk=public_jobs_jserp-result_search-card
Workday Systems Analyst | Configurations,"United States
Actively Hiring +4 benefits
22 hours ago",https://www.linkedin.com/jobs/view/workday-systems-analyst-configurations-at-whataburger-3944484364?position=53&pageNum=0&refId=SgHUQn%2FExWs2bP%2BcGJTz1A%3D%3D&trackingId=JjvO11xlAizf6jqjiz9yvQ%3D%3D&trk=public_jobs_jserp-result_search-card
Workday (senior engineer)-(remote/hybrid),"Elmhurst, IL
Be an early applicant
2 weeks ago",https://www.linkedin.com/jobs/view/workday-senior-engineer-remote-hybrid-at-smartiplace-3933882741?position=54&pageNum=0&refId=SgHUQn%2FExWs2bP%2BcGJTz1A%3D%3D&trackingId=Qz%2FGDGZfLdNqdQKEQ2ZJog%3D%3D&trk=public_jobs_jserp-result_search-card
Workday Administrator,"United States
Actively Hiring +3 benefits
21 hours ago",https://www.linkedin.com/jobs/view/workday-administrator-at-atlas-search-3947296117?position=55&pageNum=0&refId=SgHUQn%2FExWs2bP%2BcGJTz1A%3D%3D&trackingId=0DK2sjwKUlB06UAV12z39g%3D%3D&trk=public_jobs_jserp-result_search-card
HRIS Manager,"Denver, CO
Be an early applicant
5 days ago",https://www.linkedin.com/jobs/view/hris-manager-at-western-union-3944710469?position=56&pageNum=0&refId=SgHUQn%2FExWs2bP%2BcGJTz1A%3D%3D&trackingId=GxFO17zDRdjVPBszDsuIzg%3D%3D&trk=public_jobs_jserp-result_search-card
Workday Platform Director,"United States
Actively Hiring
1 day ago",https://www.linkedin.com/jobs/view/workday-platform-director-at-gqr-3944062127?position=57&pageNum=0&refId=SgHUQn%2FExWs2bP%2BcGJTz1A%3D%3D&trackingId=tUE5AhqYSDtL8jqaaoY4Nw%3D%3D&trk=public_jobs_jserp-result_search-card
Director of HRIS (Workday),"New York City Metropolitan Area
Actively Hiring +10 benefits
1 week ago",https://www.linkedin.com/jobs/view/director-of-hris-workday-at-gqr-3939836361?position=58&pageNum=0&refId=SgHUQn%2FExWs2bP%2BcGJTz1A%3D%3D&trackingId=TsZjP7ayzCrtHJ1VDBJzNg%3D%3D&trk=public_jobs_jserp-result_search-card
HRIS Manager,"Kansas City, MO
5 days ago",https://www.linkedin.com/jobs/view/hris-manager-at-spring-venture-group-3945417062?position=59&pageNum=0&refId=SgHUQn%2FExWs2bP%2BcGJTz1A%3D%3D&trackingId=MnebjmXnWbKohzhhPl7ycQ%3D%3D&trk=public_jobs_jserp-result_search-card
Workday HRIS Analyst,"Reston, VA
Be an early applicant
1 day ago",https://www.linkedin.com/jobs/view/workday-hris-analyst-at-govcon-technologies-3948317345?position=60&pageNum=0&refId=SgHUQn%2FExWs2bP%2BcGJTz1A%3D%3D&trackingId=cwjvXeFyJwfd0p5%2F2L4wmg%3D%3D&trk=public_jobs_jserp-result_search-card
